{
  "GetCustomersByRange" : {
    "transaction" : "GetCustomersByRange",
    "sampleCount" : 60577,
    "errorCount" : 24631,
    "errorPct" : 40.66065,
    "meanResTime" : 24.37793221849868,
    "medianResTime" : 1.0,
    "minResTime" : 0.0,
    "maxResTime" : 151.0,
    "pct1ResTime" : 68.0,
    "pct2ResTime" : 77.0,
    "pct3ResTime" : 96.0,
    "throughput" : 3996.107922686193,
    "receivedKBytesPerSec" : 22166.41452169503,
    "sentKBytesPerSec" : 326.018487882611
  },
  "Total" : {
    "transaction" : "Total",
    "sampleCount" : 182226,
    "errorCount" : 72895,
    "errorPct" : 40.002525,
    "meanResTime" : 25.89684787022727,
    "medianResTime" : 1.0,
    "minResTime" : 0.0,
    "maxResTime" : 207.0,
    "pct1ResTime" : 76.0,
    "pct2ResTime" : 89.0,
    "pct3ResTime" : 116.0,
    "throughput" : 11972.012351356678,
    "receivedKBytesPerSec" : 144014.92823442942,
    "sentKBytesPerSec" : 1186.457033046449
  },
  "AddOrUpdate" : {
    "transaction" : "AddOrUpdate",
    "sampleCount" : 60918,
    "errorCount" : 24243,
    "errorPct" : 39.79612,
    "meanResTime" : 24.97232345119673,
    "medianResTime" : 1.0,
    "minResTime" : 0.0,
    "maxResTime" : 129.0,
    "pct1ResTime" : 69.0,
    "pct2ResTime" : 78.0,
    "pct3ResTime" : 97.0,
    "throughput" : 4002.2337559950065,
    "receivedKBytesPerSec" : 4462.409754102063,
    "sentKBytesPerSec" : 518.4931591222653
  },
  "GetCustomersAroundCustomerId" : {
    "transaction" : "GetCustomersAroundCustomerId",
    "sampleCount" : 60731,
    "errorCount" : 24021,
    "errorPct" : 39.553112,
    "meanResTime" : 28.33928306795532,
    "medianResTime" : 1.0,
    "minResTime" : 0.0,
    "maxResTime" : 207.0,
    "pct1ResTime" : 80.0,
    "pct2ResTime" : 94.0,
    "pct3ResTime" : 121.0,
    "throughput" : 4002.5703552362747,
    "receivedKBytesPerSec" : 117848.03308868961,
    "sentKBytesPerSec" : 344.3593137275094
  }
}