{
  "GetCustomersByRange" : {
    "transaction" : "GetCustomersByRange",
    "sampleCount" : 44548,
    "errorCount" : 0,
    "errorPct" : 0.0,
    "meanResTime" : 7.098298464577599,
    "medianResTime" : 9.0,
    "minResTime" : 0.0,
    "maxResTime" : 80.0,
    "pct1ResTime" : 12.0,
    "pct2ResTime" : 15.0,
    "pct3ResTime" : 28.0,
    "throughput" : 2961.5742587421887,
    "receivedKBytesPerSec" : 22539.85020328497,
    "sentKBytesPerSec" : 407.17202769744716
  },
  "Total" : {
    "transaction" : "Total",
    "sampleCount" : 133756,
    "errorCount" : 0,
    "errorPct" : 0.0,
    "meanResTime" : 7.723967522952231,
    "medianResTime" : 9.0,
    "minResTime" : 0.0,
    "maxResTime" : 127.0,
    "pct1ResTime" : 14.0,
    "pct2ResTime" : 18.0,
    "pct3ResTime" : 29.0,
    "throughput" : 8867.40917528507,
    "receivedKBytesPerSec" : 162055.83303811157,
    "sentKBytesPerSec" : 1465.3367573877952
  },
  "AddOrUpdate" : {
    "transaction" : "AddOrUpdate",
    "sampleCount" : 44620,
    "errorCount" : 0,
    "errorPct" : 0.0,
    "meanResTime" : 7.404661586732443,
    "medianResTime" : 9.0,
    "minResTime" : 0.0,
    "maxResTime" : 127.0,
    "pct1ResTime" : 13.0,
    "pct2ResTime" : 15.0,
    "pct3ResTime" : 28.0,
    "throughput" : 2958.101299390082,
    "receivedKBytesPerSec" : 523.1783393206377,
    "sentKBytesPerSec" : 637.562397967217
  },
  "GetCustomersAroundCustomerId" : {
    "transaction" : "GetCustomersAroundCustomerId",
    "sampleCount" : 44588,
    "errorCount" : 0,
    "errorPct" : 0.0,
    "meanResTime" : 8.66861038844531,
    "medianResTime" : 10.0,
    "minResTime" : 0.0,
    "maxResTime" : 82.0,
    "pct1ResTime" : 17.0,
    "pct2ResTime" : 20.0,
    "pct3ResTime" : 31.0,
    "throughput" : 2963.4454340023926,
    "receivedKBytesPerSec" : 139406.76171199986,
    "sentKBytesPerSec" : 422.80119612355446
  }
}