{
  "GetCustomersByRange" : {
    "transaction" : "GetCustomersByRange",
    "sampleCount" : 3000,
    "errorCount" : 0,
    "errorPct" : 0.0,
    "meanResTime" : 0.38199999999999973,
    "medianResTime" : 0.0,
    "minResTime" : 0.0,
    "maxResTime" : 17.0,
    "pct1ResTime" : 1.0,
    "pct2ResTime" : 1.0,
    "pct3ResTime" : 1.0,
    "throughput" : 309.7253768325418,
    "receivedKBytesPerSec" : 2296.274705438261,
    "sentKBytesPerSec" : 42.584819584967995
  },
  "Total" : {
    "transaction" : "Total",
    "sampleCount" : 9000,
    "errorCount" : 0,
    "errorPct" : 0.0,
    "meanResTime" : 0.46611111111110853,
    "medianResTime" : 0.0,
    "minResTime" : 0.0,
    "maxResTime" : 29.0,
    "pct1ResTime" : 1.0,
    "pct2ResTime" : 1.0,
    "pct3ResTime" : 2.0,
    "throughput" : 926.0211955962548,
    "receivedKBytesPerSec" : 16778.283335959204,
    "sentKBytesPerSec" : 152.1491207621669
  },
  "AddOrUpdate" : {
    "transaction" : "AddOrUpdate",
    "sampleCount" : 3000,
    "errorCount" : 0,
    "errorPct" : 0.0,
    "meanResTime" : 0.3996666666666675,
    "medianResTime" : 0.0,
    "minResTime" : 0.0,
    "maxResTime" : 29.0,
    "pct1ResTime" : 1.0,
    "pct2ResTime" : 1.0,
    "pct3ResTime" : 1.0,
    "throughput" : 308.70549495781023,
    "receivedKBytesPerSec" : 54.61735793115867,
    "sentKBytesPerSec" : 66.10789498224943
  },
  "GetCustomersAroundCustomerId" : {
    "transaction" : "GetCustomersAroundCustomerId",
    "sampleCount" : 3000,
    "errorCount" : 0,
    "errorPct" : 0.0,
    "meanResTime" : 0.6166666666666669,
    "medianResTime" : 1.0,
    "minResTime" : 0.0,
    "maxResTime" : 17.0,
    "pct1ResTime" : 1.0,
    "pct2ResTime" : 1.0,
    "pct3ResTime" : 2.0,
    "throughput" : 309.6934035305048,
    "receivedKBytesPerSec" : 14482.878854231187,
    "sentKBytesPerSec" : 43.75185493444823
  }
}